id,name,created_at,updated_at,created_by_id,updated_by_id
a1c346d6-2872-4194-9b98-3f0ea5b838ec,ADIYAMAN ÜNİVERSİTESİ,2025-08-22T01:32:20.118984,2025-08-22T01:32:20.118984,00000000-0000-0000-0000-000000000001,00000000-0000-0000-0000-000000000001
ed5d732a-1be4-4c92-bcb6-9344ec724de5,AFYON KOCATEPE ÜNİVERSİTESİ,2025-08-22T01:32:20.118984,2025-08-22T01:32:20.118984,00000000-0000-0000-0000-000000000001,00000000-0000-0000-0000-000000000001
4eda21ee-95ac-41ac-9ec8-ce34823f6e7c,AFYONKARAHİSAR SAĞLIK BİLİMLERİ ÜNİVERSİTESİ,2025-08-22T01:32:20.118984,2025-08-22T01:32:20.118984,00000000-0000-0000-0000-000000000001,00000000-0000-0000-0000-000000000001
6ab97648-c090-4957-a9c3-fbb5f2a99d7a,AĞRI İBRAHİM ÇEÇEN ÜNİVERSİTESİ,2025-08-22T01:32:20.118984,2025-08-22T01:32:20.118984,00000000-0000-0000-0000-000000000001,00000000-0000-0000-0000-000000000001
c2399bb7-b60c-4e6e-85b2-a3115a210a8a,AKDENİZ ÜNİVERSİTESİ,2025-08-22T01:32:20.118984,2025-08-22T01:32:20.118984,00000000-0000-0000-0000-000000000001,00000000-0000-0000-0000-000000000001
d52a7d8e-868c-4d69-a725-169ec784621b,AKSARAY ÜNİVERSİTESİ,2025-08-22T01:32:20.118984,2025-08-22T01:32:20.118984,00000000-0000-0000-0000-000000000001,00000000-0000-0000-0000-000000000001
e2cfde92-f250-4d84-97e5-cc0382d08e82,ALANYA ALAADDİN KEYKUBAT ÜNİVERSİTESİ,2025-08-22T01:32:20.118984,2025-08-22T01:32:20.118984,00000000-0000-0000-0000-000000000001,00000000-0000-0000-0000-000000000001
b27adb28-9134-443c-8e93-ec7d1368934f,AMASYA ÜNİVERSİTESİ,2025-08-22T01:32:20.118984,2025-08-22T01:32:20.118984,00000000-0000-0000-0000-000000000001,00000000-0000-0000-0000-000000000001
78606a21-4a01-450e-9df4-aa7fbb765d31,ANADOLU ÜNİVERSİTESİ,2025-08-22T01:32:20.118984,2025-08-22T01:32:20.118984,00000000-0000-0000-0000-000000000001,00000000-0000-0000-0000-000000000001
f2947fe6-f533-476a-a861-0d8ac4d009c4,ANKARA HACI BAYRAM VELİ ÜNİVERSİTESİ,2025-08-22T01:32:20.118984,2025-08-22T01:32:20.118984,00000000-0000-0000-0000-000000000001,00000000-0000-0000-0000-000000000001
df67fe58-c879-44f4-86c7-169c86cd1165,ANKARA ÜNİVERSİTESİ,2025-08-22T01:32:20.118984,2025-08-22T01:32:20.118984,00000000-0000-0000-0000-000000000001,00000000-0000-0000-0000-000000000001
9aa60d7b-8853-4c7e-a6cf-974cb636ddb8,ANKARA YILDIRIM BEYAZIT ÜNİVERSİTESİ,2025-08-22T01:32:20.118984,2025-08-22T01:32:20.118984,00000000-0000-0000-0000-000000000001,00000000-0000-0000-0000-000000000001
7bd784b9-a7fd-4eff-bfdb-13d067c493f9,ARDAHAN ÜNİVERSİTESİ,2025-08-22T01:32:20.118984,2025-08-22T01:32:20.118984,00000000-0000-0000-0000-000000000001,00000000-0000-0000-0000-000000000001
d8924a5d-8f04-460f-a201-2883314287b4,ARTVİN ÇORUH ÜNİVERSİTESİ,2025-08-22T01:32:20.118984,2025-08-22T01:32:20.118984,00000000-0000-0000-0000-000000000001,00000000-0000-0000-0000-000000000001
8ebde6e8-7f76-4e87-a95d-4761f95a945f,ATATÜRK ÜNİVERSİTESİ,2025-08-22T01:32:20.118984,2025-08-22T01:32:20.118984,00000000-0000-0000-0000-000000000001,00000000-0000-0000-0000-000000000001
d53a011d-f431-4e6f-bb2c-e34b7fd57a2a,AYDIN ADNAN MENDERES ÜNİVERSİTESİ,2025-08-22T01:32:20.118984,2025-08-22T01:32:20.118984,00000000-0000-0000-0000-000000000001,00000000-0000-0000-0000-000000000001
07e0b5dd-fbae-4bab-8b00-d9ea98b6ace6,BALIKESİR ÜNİVERSİTESİ,2025-08-22T01:32:20.118984,2025-08-22T01:32:20.118984,00000000-0000-0000-0000-000000000001,00000000-0000-0000-0000-000000000001
05746fcd-98db-49ff-af40-7b38b12825b3,BANDIRMA ONYEDİ EYLÜL ÜNİVERSİTESİ,2025-08-22T01:32:20.118984,2025-08-22T01:32:20.118984,00000000-0000-0000-0000-000000000001,00000000-0000-0000-0000-000000000001
da954fd9-b43f-400a-bcc6-c0eb158547f5,BARTIN ÜNİVERSİTESİ,2025-08-22T01:32:20.118984,2025-08-22T01:32:20.118984,00000000-0000-0000-0000-000000000001,00000000-0000-0000-0000-000000000001
b2e4fff2-cc75-4fda-aa60-116eb228cb09,BATMAN ÜNİVERSİTESİ,2025-08-22T01:32:20.118984,2025-08-22T01:32:20.118984,00000000-0000-0000-0000-000000000001,00000000-0000-0000-0000-000000000001
ac4933c3-be00-40ea-aca3-d5c64eb3ef38,BAYBURT ÜNİVERSİTESİ,2025-08-22T01:32:20.118984,2025-08-22T01:32:20.118984,00000000-0000-0000-0000-000000000001,00000000-0000-0000-0000-000000000001
467892e1-3a40-4d1e-bafd-eddf11335ea7,BİLECİK ŞEYH EDEBALİ ÜNİVERSİTESİ,2025-08-22T01:32:20.118984,2025-08-22T01:32:20.118984,00000000-0000-0000-0000-000000000001,00000000-0000-0000-0000-000000000001
2e4f6e27-18b0-455c-8900-bccd6b2059ce,BİNGÖL ÜNİVERSİTESİ,2025-08-22T01:32:20.118984,2025-08-22T01:32:20.118984,00000000-0000-0000-0000-000000000001,00000000-0000-0000-0000-000000000001
e4d111f5-c2c0-44bd-9c64-81e6bfaebe0c,BİTLİS EREN ÜNİVERSİTESİ,2025-08-22T01:32:20.118984,2025-08-22T01:32:20.118984,00000000-0000-0000-0000-000000000001,00000000-0000-0000-0000-000000000001
fb3f86dc-9a11-467e-a1d7-90f5ed5c0ac7,BOLU ABANT İZZET BAYSAL ÜNİVERSİTESİ,2025-08-22T01:32:20.118984,2025-08-22T01:32:20.118984,00000000-0000-0000-0000-000000000001,00000000-0000-0000-0000-000000000001
82ca1311-987d-4f08-9d5a-e352176ce406,BURDUR MEHMET AKİF ERSOY ÜNİVERSİTESİ,2025-08-22T01:32:20.118984,2025-08-22T01:32:20.118984,00000000-0000-0000-0000-000000000001,00000000-0000-0000-0000-000000000001
c8dfbf32-4d0e-4ca9-ab6f-7605be718458,BURSA ULUDAĞ ÜNİVERSİTESİ,2025-08-22T01:32:20.118984,2025-08-22T01:32:20.118984,00000000-0000-0000-0000-000000000001,00000000-0000-0000-0000-000000000001
66ae57d8-de41-4a1b-9f62-cdfd7e8c4323,ÇANAKKALE ONSEKİZ MART ÜNİVERSİTESİ,2025-08-22T01:32:20.118984,2025-08-22T01:32:20.118984,00000000-0000-0000-0000-000000000001,00000000-0000-0000-0000-000000000001
91384663-8abe-4ba0-9fa5-b75d18876349,ÇANKIRI KARATEKİN ÜNİVERSİTESİ,2025-08-22T01:32:20.118984,2025-08-22T01:32:20.118984,00000000-0000-0000-0000-000000000001,00000000-0000-0000-0000-000000000001
ff743ea7-4c5c-402d-9fea-6a88dfd6c661,ÇUKUROVA ÜNİVERSİTESİ,2025-08-22T01:32:20.118984,2025-08-22T01:32:20.118984,00000000-0000-0000-0000-000000000001,00000000-0000-0000-0000-000000000001
79b5b9cd-41c0-48f5-8a84-3d04368a3f0c,DİCLE ÜNİVERSİTESİ,2025-08-22T01:32:20.118984,2025-08-22T01:32:20.118984,00000000-0000-0000-0000-000000000001,00000000-0000-0000-0000-000000000001
7f0a6fce-c74c-4a44-82e2-ffed0aa971a6,DOKUZ EYLÜL ÜNİVERSİTESİ,2025-08-22T01:32:20.118984,2025-08-22T01:32:20.118984,00000000-0000-0000-0000-000000000001,00000000-0000-0000-0000-000000000001
9ff2a1d5-165b-404d-853c-5d672f7bccae,DÜZCE ÜNİVERSİTESİ,2025-08-22T01:32:20.118984,2025-08-22T01:32:20.118984,00000000-0000-0000-0000-000000000001,00000000-0000-0000-0000-000000000001
ff31ab4f-c388-46f0-8ba1-ecca05bcb2bb,EGE ÜNİVERSİTESİ,2025-08-22T01:32:20.118984,2025-08-22T01:32:20.118984,00000000-0000-0000-0000-000000000001,00000000-0000-0000-0000-000000000001
4c4d9a43-1934-4f9e-98d9-1ac12d98cfbc,ERCİYES ÜNİVERSİTESİ,2025-08-22T01:32:20.118984,2025-08-22T01:32:20.118984,00000000-0000-0000-0000-000000000001,00000000-0000-0000-0000-000000000001
a7d0cebe-3c2f-4c1d-b3e4-3ed35763b65e,ERZİNCAN BİNALİ YILDIRIM ÜNİVERSİTESİ,2025-08-22T01:32:20.118984,2025-08-22T01:32:20.118984,00000000-0000-0000-0000-000000000001,00000000-0000-0000-0000-000000000001
36b0638e-c2c8-4c4d-87d5-efa81ff01995,ESKİŞEHİR OSMANGAZİ ÜNİVERSİTESİ,2025-08-22T01:32:20.118984,2025-08-22T01:32:20.118984,00000000-0000-0000-0000-000000000001,00000000-0000-0000-0000-000000000001
4aa430a4-4cdb-4f87-92c6-33d8211a5916,ESKİŞEHİR TEKNİK ÜNİVERSİTESİ,2025-08-22T01:32:20.118984,2025-08-22T01:32:20.118984,00000000-0000-0000-0000-000000000001,00000000-0000-0000-0000-000000000001
4010f22b-c99b-48a8-be5a-c89a58fb738b,FIRAT ÜNİVERSİTESİ,2025-08-22T01:32:20.118984,2025-08-22T01:32:20.118984,00000000-0000-0000-0000-000000000001,00000000-0000-0000-0000-000000000001
043ceaaf-de49-4cdf-9961-fcf7922e6bba,GALATASARAY ÜNİVERSİTESİ,2025-08-22T01:32:20.118984,2025-08-22T01:32:20.118984,00000000-0000-0000-0000-000000000001,00000000-0000-0000-0000-000000000001
2b332b76-3caf-415e-be29-5cb6a6388ebf,GAZİ ÜNİVERSİTESİ,2025-08-22T01:32:20.118984,2025-08-22T01:32:20.118984,00000000-0000-0000-0000-000000000001,00000000-0000-0000-0000-000000000001
de113947-f854-4214-a456-ff8bbde7ea8c,GAZİANTEP İSLAM BİLİM VE TEKNOLOJİ ÜNİVERSİTESİ,2025-08-22T01:32:20.118984,2025-08-22T01:32:20.118984,00000000-0000-0000-0000-000000000001,00000000-0000-0000-0000-000000000001
42048438-7f70-4c82-8d77-5a8b1de26990,GAZİANTEP ÜNİVERSİTESİ,2025-08-22T01:32:20.118984,2025-08-22T01:32:20.118984,00000000-0000-0000-0000-000000000001,00000000-0000-0000-0000-000000000001
d4785904-8364-4cff-99a0-dc5957f5a93b,GİRESUN ÜNİVERSİTESİ,2025-08-22T01:32:20.118984,2025-08-22T01:32:20.118984,00000000-0000-0000-0000-000000000001,00000000-0000-0000-0000-000000000001
768852a2-29ec-4ac8-8a2a-190cf2a9d980,GÜMÜŞHANE ÜNİVERSİTESİ,2025-08-22T01:32:20.118984,2025-08-22T01:32:20.118984,00000000-0000-0000-0000-000000000001,00000000-0000-0000-0000-000000000001
6b0e6d5b-2416-46a5-933c-cc5a60bc3fec,HACETTEPE ÜNİVERSİTESİ,2025-08-22T01:32:20.118984,2025-08-22T01:32:20.118984,00000000-0000-0000-0000-000000000001,00000000-0000-0000-0000-000000000001
522a921d-e091-484f-8cae-b3f289af5289,HAKKARİ ÜNİVERSİTESİ,2025-08-22T01:32:20.118984,2025-08-22T01:32:20.118984,00000000-0000-0000-0000-000000000001,00000000-0000-0000-0000-000000000001
bc730264-10dd-4a30-907a-713621f3552d,HARRAN ÜNİVERSİTESİ,2025-08-22T01:32:20.118984,2025-08-22T01:32:20.118984,00000000-0000-0000-0000-000000000001,00000000-0000-0000-0000-000000000001
5b9f29f6-91a6-45ff-9bb1-577a8e667a3f,HATAY MUSTAFA KEMAL ÜNİVERSİTESİ,2025-08-22T01:32:20.118984,2025-08-22T01:32:20.118984,00000000-0000-0000-0000-000000000001,00000000-0000-0000-0000-000000000001
6dd10997-5b0f-4544-b25e-52a6f21a10cc,HİTİT ÜNİVERSİTESİ,2025-08-22T01:32:20.118984,2025-08-22T01:32:20.118984,00000000-0000-0000-0000-000000000001,00000000-0000-0000-0000-000000000001
e86c0029-2ea0-49af-96c4-acd60e75b3b1,IĞDIR ÜNİVERSİTESİ,2025-08-22T01:32:20.118984,2025-08-22T01:32:20.118984,00000000-0000-0000-0000-000000000001,00000000-0000-0000-0000-000000000001
4212a2df-6108-4bef-9993-09a23b0a81d9,ISPARTA UYGULAMALI BİLİMLER ÜNİVERSİTESİ,2025-08-22T01:32:20.118984,2025-08-22T01:32:20.118984,00000000-0000-0000-0000-000000000001,00000000-0000-0000-0000-000000000001
79701958-d8d0-40e0-a241-4e015ed3c0e8,İNÖNÜ ÜNİVERSİTESİ,2025-08-22T01:32:20.118984,2025-08-22T01:32:20.118984,00000000-0000-0000-0000-000000000001,00000000-0000-0000-0000-000000000001
fdab80fe-c6f8-4ba0-83ea-5be6db3a3097,İSKENDERUN TEKNİK ÜNİVERSİTESİ,2025-08-22T01:32:20.118984,2025-08-22T01:32:20.118984,00000000-0000-0000-0000-000000000001,00000000-0000-0000-0000-000000000001
996fefee-e8f1-4bdc-979b-a8880aa26a5c,İSTANBUL ÜNİVERSİTESİ,2025-08-22T01:32:20.118984,2025-08-22T01:32:20.118984,00000000-0000-0000-0000-000000000001,00000000-0000-0000-0000-000000000001
37318059-ee35-4f18-bfab-1e529528db72,İSTANBUL ÜNİVERSİTESİ-CERRAHPAŞA,2025-08-22T01:32:20.118984,2025-08-22T01:32:20.118984,00000000-0000-0000-0000-000000000001,00000000-0000-0000-0000-000000000001
bddb0679-d1eb-48a0-9c69-1eaadf921cbd,İZMİR BAKIRÇAY ÜNİVERSİTESİ,2025-08-22T01:32:20.118984,2025-08-22T01:32:20.118984,00000000-0000-0000-0000-000000000001,00000000-0000-0000-0000-000000000001
7ccb14e0-37d7-45ef-b72b-41322dd7e955,İZMİR DEMOKRASİ ÜNİVERSİTESİ,2025-08-22T01:32:20.118984,2025-08-22T01:32:20.118984,00000000-0000-0000-0000-000000000001,00000000-0000-0000-0000-000000000001
2b04c0a9-d5da-457f-a1f6-975fe0545667,İZMİR KATİP ÇELEBİ ÜNİVERSİTESİ,2025-08-22T01:32:20.118984,2025-08-22T01:32:20.118984,00000000-0000-0000-0000-000000000001,00000000-0000-0000-0000-000000000001
663b6177-5eb3-49df-93b8-d3cb929b016e,KAFKAS ÜNİVERSİTESİ,2025-08-22T01:32:20.118984,2025-08-22T01:32:20.118984,00000000-0000-0000-0000-000000000001,00000000-0000-0000-0000-000000000001
3e2d56b0-c277-48be-b925-898aca5d3842,KAHRAMANMARAŞ İSTİKLAL ÜNİVERSİTESİ,2025-08-22T01:32:20.118984,2025-08-22T01:32:20.118984,00000000-0000-0000-0000-000000000001,00000000-0000-0000-0000-000000000001
6dd54a33-2d0a-4267-80e7-e1cc5813e3fe,KAHRAMANMARAŞ SÜTÇÜ İMAM ÜNİVERSİTESİ,2025-08-22T01:32:20.118984,2025-08-22T01:32:20.118984,00000000-0000-0000-0000-000000000001,00000000-0000-0000-0000-000000000001
0c7107e1-c737-47ff-9508-8e854b29918d,KARABÜK ÜNİVERSİTESİ,2025-08-22T01:32:20.118984,2025-08-22T01:32:20.118984,00000000-0000-0000-0000-000000000001,00000000-0000-0000-0000-000000000001
59d8cc4e-6f84-42fe-ad14-e5e4bd04923d,KARADENİZ TEKNİK ÜNİVERSİTESİ,2025-08-22T01:32:20.118984,2025-08-22T01:32:20.118984,00000000-0000-0000-0000-000000000001,00000000-0000-0000-0000-000000000001
5f0ca0b2-5f59-494b-b176-5a2f17f8f04e,KARAMANOĞLU MEHMETBEY ÜNİVERSİTESİ,2025-08-22T01:32:20.118984,2025-08-22T01:32:20.118984,00000000-0000-0000-0000-000000000001,00000000-0000-0000-0000-000000000001
cfb7317f-afbe-4a19-bb53-e9d60b24d9c8,KASTAMONU ÜNİVERSİTESİ,2025-08-22T01:32:20.118984,2025-08-22T01:32:20.118984,00000000-0000-0000-0000-000000000001,00000000-0000-0000-0000-000000000001
cd5ca36b-12c0-4dd0-9d01-61f06d0d45df,KAYSERİ ÜNİVERSİTESİ,2025-08-22T01:32:20.118984,2025-08-22T01:32:20.118984,00000000-0000-0000-0000-000000000001,00000000-0000-0000-0000-000000000001
2acccd54-f28e-42c2-9a9d-e7cc23066b08,KIRIKKALE ÜNİVERSİTESİ,2025-08-22T01:32:20.118984,2025-08-22T01:32:20.118984,00000000-0000-0000-0000-000000000001,00000000-0000-0000-0000-000000000001
34207e54-d710-470a-955b-cd5d3495bde1,KIRKLARELİ ÜNİVERSİTESİ,2025-08-22T01:32:20.118984,2025-08-22T01:32:20.118984,00000000-0000-0000-0000-000000000001,00000000-0000-0000-0000-000000000001
8dff4f51-bba5-4a8d-827a-de9e887eab1b,KIRŞEHİR AHİ EVRAN ÜNİVERSİTESİ,2025-08-22T01:32:20.118984,2025-08-22T01:32:20.118984,00000000-0000-0000-0000-000000000001,00000000-0000-0000-0000-000000000001
6bee89f0-e218-4d53-b565-8be0f8bb11c3,KİLİS 7 ARALIK ÜNİVERSİTESİ,2025-08-22T01:32:20.118984,2025-08-22T01:32:20.118984,00000000-0000-0000-0000-000000000001,00000000-0000-0000-0000-000000000001
298237a4-5821-4b3f-9978-cca2cdefc47a,KOCAELİ ÜNİVERSİTESİ,2025-08-22T01:32:20.118984,2025-08-22T01:32:20.118984,00000000-0000-0000-0000-000000000001,00000000-0000-0000-0000-000000000001
4ee206ca-8c9a-4423-b719-224e42a74e61,KONYA TEKNİK ÜNİVERSİTESİ,2025-08-22T01:32:20.118984,2025-08-22T01:32:20.118984,00000000-0000-0000-0000-000000000001,00000000-0000-0000-0000-000000000001
34782237-8df6-4c14-9b00-f38405cdb187,KÜTAHYA DUMLUPINAR ÜNİVERSİTESİ,2025-08-22T01:32:20.118984,2025-08-22T01:32:20.118984,00000000-0000-0000-0000-000000000001,00000000-0000-0000-0000-000000000001
f709664c-ba9a-4aa5-9ebc-e1de6af9fadb,KÜTAHYA SAĞLIK BİLİMLERİ ÜNİVERSİTESİ,2025-08-22T01:32:20.118984,2025-08-22T01:32:20.118984,00000000-0000-0000-0000-000000000001,00000000-0000-0000-0000-000000000001
c040ba83-0be3-4abf-85ff-cfb9dabc8b1d,MALATYA TURGUT ÖZAL ÜNİVERSİTESİ,2025-08-22T01:32:20.118984,2025-08-22T01:32:20.118984,00000000-0000-0000-0000-000000000001,00000000-0000-0000-0000-000000000001
3cf688d1-5341-4409-9071-34bda110d9f9,MANİSA CELÂL BAYAR ÜNİVERSİTESİ,2025-08-22T01:32:20.118984,2025-08-22T01:32:20.118984,00000000-0000-0000-0000-000000000001,00000000-0000-0000-0000-000000000001
afa0a8dc-03d1-4062-8daf-b602d3b8060c,MARDİN ARTUKLU ÜNİVERSİTESİ,2025-08-22T01:32:20.118984,2025-08-22T01:32:20.118984,00000000-0000-0000-0000-000000000001,00000000-0000-0000-0000-000000000001
80a08ab0-43f4-4b6d-bf9c-8ff923ca0b7e,MARMARA ÜNİVERSİTESİ,2025-08-22T01:32:20.118984,2025-08-22T01:32:20.118984,00000000-0000-0000-0000-000000000001,00000000-0000-0000-0000-000000000001
9db511e0-3f67-41f9-bac9-4bc7241ff91b,MERSİN ÜNİVERSİTESİ,2025-08-22T01:32:20.118984,2025-08-22T01:32:20.118984,00000000-0000-0000-0000-000000000001,00000000-0000-0000-0000-000000000001
a957d35c-b0f7-423d-9013-5f26c7ce692d,MİMAR SİNAN GÜZEL SANATLAR ÜNİVERSİTESİ,2025-08-22T01:32:20.118984,2025-08-22T01:32:20.118984,00000000-0000-0000-0000-000000000001,00000000-0000-0000-0000-000000000001
9c095f18-e111-486d-b42a-c25bca0d9a53,MUĞLA SITKI KOÇMAN ÜNİVERSİTESİ,2025-08-22T01:32:20.118984,2025-08-22T01:32:20.118984,00000000-0000-0000-0000-000000000001,00000000-0000-0000-0000-000000000001
2fdf70f2-5376-4bb3-be58-75db6f37fdf3,MUNZUR ÜNİVERSİTESİ,2025-08-22T01:32:20.118984,2025-08-22T01:32:20.118984,00000000-0000-0000-0000-000000000001,00000000-0000-0000-0000-000000000001
6046754c-a6d0-493b-98c0-2ae52f6bb10d,MUŞ ALPARSLAN ÜNİVERSİTESİ,2025-08-22T01:32:20.118984,2025-08-22T01:32:20.118984,00000000-0000-0000-0000-000000000001,00000000-0000-0000-0000-000000000001
322afe12-991c-4961-9704-776717c1b94d,NECMETTİN ERBAKAN ÜNİVERSİTESİ,2025-08-22T01:32:20.118984,2025-08-22T01:32:20.118984,00000000-0000-0000-0000-000000000001,00000000-0000-0000-0000-000000000001
e5e22ee5-a069-4e71-8060-e76d8d033d06,NEVŞEHİR HACI BEKTAŞ VELİ ÜNİVERSİTESİ,2025-08-22T01:32:20.118984,2025-08-22T01:32:20.118984,00000000-0000-0000-0000-000000000001,00000000-0000-0000-0000-000000000001
e0eeddb8-9f10-49b1-9cdb-244a54d60f86,NİĞDE ÖMER HALİSDEMİR ÜNİVERSİTESİ,2025-08-22T01:32:20.118984,2025-08-22T01:32:20.118984,00000000-0000-0000-0000-000000000001,00000000-0000-0000-0000-000000000001
2608a94c-4bb6-4ba4-ba01-862a2fa5153e,ONDOKUZ MAYIS ÜNİVERSİTESİ,2025-08-22T01:32:20.118984,2025-08-22T01:32:20.118984,00000000-0000-0000-0000-000000000001,00000000-0000-0000-0000-000000000001
15c0ae87-551d-499d-a0bb-f6e6890ffce3,ORDU ÜNİVERSİTESİ,2025-08-22T01:32:20.118984,2025-08-22T01:32:20.118984,00000000-0000-0000-0000-000000000001,00000000-0000-0000-0000-000000000001
9a27799f-47cf-40e5-912a-c70b355b3561,OSMANİYE KORKUT ATA ÜNİVERSİTESİ,2025-08-22T01:32:20.118984,2025-08-22T01:32:20.118984,00000000-0000-0000-0000-000000000001,00000000-0000-0000-0000-000000000001
014a32d3-4a79-40be-88ca-1633bb8a2f57,PAMUKKALE ÜNİVERSİTESİ,2025-08-22T01:32:20.118984,2025-08-22T01:32:20.118984,00000000-0000-0000-0000-000000000001,00000000-0000-0000-0000-000000000001
c9f349d0-cc9f-418d-92c4-78c42cd02bd9,RECEP TAYYİP ERDOĞAN ÜNİVERSİTESİ,2025-08-22T01:32:20.118984,2025-08-22T01:32:20.118984,00000000-0000-0000-0000-000000000001,00000000-0000-0000-0000-000000000001
7ae61a3a-d91a-4155-9319-bec58eba1c33,SAĞLIK BİLİMLERİ ÜNİVERSİTESİ,2025-08-22T01:32:20.118984,2025-08-22T01:32:20.118984,00000000-0000-0000-0000-000000000001,00000000-0000-0000-0000-000000000001
a347ab4a-cc29-434d-b72b-89e0f87907d6,SAKARYA UYGULAMALI BİLİMLER ÜNİVERSİTESİ,2025-08-22T01:32:20.118984,2025-08-22T01:32:20.118984,00000000-0000-0000-0000-000000000001,00000000-0000-0000-0000-000000000001
bff88c30-b1c8-4d34-b6b2-9bbe61397201,SAKARYA ÜNİVERSİTESİ,2025-08-22T01:32:20.118984,2025-08-22T01:32:20.118984,00000000-0000-0000-0000-000000000001,00000000-0000-0000-0000-000000000001
8cf260e1-2fc8-46f4-8b1e-f91e85ec9736,SAMSUN ÜNİVERSİTESİ,2025-08-22T01:32:20.118984,2025-08-22T01:32:20.118984,00000000-0000-0000-0000-000000000001,00000000-0000-0000-0000-000000000001
53539f57-8447-46ee-b00a-26162eca079f,SELÇUK ÜNİVERSİTESİ,2025-08-22T01:32:20.118984,2025-08-22T01:32:20.118984,00000000-0000-0000-0000-000000000001,00000000-0000-0000-0000-000000000001
7583d052-7555-4008-9529-2bcba4aee64a,SİİRT ÜNİVERSİTESİ,2025-08-22T01:32:20.118984,2025-08-22T01:32:20.118984,00000000-0000-0000-0000-000000000001,00000000-0000-0000-0000-000000000001
4ae7923c-a0e1-4143-834b-e0f7a3a1d7e0,SİNOP ÜNİVERSİTESİ,2025-08-22T01:32:20.118984,2025-08-22T01:32:20.118984,00000000-0000-0000-0000-000000000001,00000000-0000-0000-0000-000000000001
93de77b1-1eb4-4337-8a57-2c6439fc802e,SİVAS CUMHURİYET ÜNİVERSİTESİ,2025-08-22T01:32:20.118984,2025-08-22T01:32:20.118984,00000000-0000-0000-0000-000000000001,00000000-0000-0000-0000-000000000001
240f98c6-c455-49b8-9505-06998c3028cc,SÜLEYMAN DEMİREL ÜNİVERSİTESİ,2025-08-22T01:32:20.118984,2025-08-22T01:32:20.118984,00000000-0000-0000-0000-000000000001,00000000-0000-0000-0000-000000000001
6e07258d-aa85-49b7-b3cc-598e6352909a,ŞIRNAK ÜNİVERSİTESİ,2025-08-22T01:32:20.118984,2025-08-22T01:32:20.118984,00000000-0000-0000-0000-000000000001,00000000-0000-0000-0000-000000000001
18ea9860-f6fa-4a0a-87c3-cdcd9629cd36,TARSUS ÜNİVERSİTESİ,2025-08-22T01:32:20.118984,2025-08-22T01:32:20.118984,00000000-0000-0000-0000-000000000001,00000000-0000-0000-0000-000000000001
e8b09774-8fec-4657-9fa8-d55c36b0d802,TEKİRDAĞ NAMIK KEMAL ÜNİVERSİTESİ,2025-08-22T01:32:20.118984,2025-08-22T01:32:20.118984,00000000-0000-0000-0000-000000000001,00000000-0000-0000-0000-000000000001
5703dcf4-debb-459a-bce2-0fcdb7243e58,TOKAT GAZİOSMANPAŞA ÜNİVERSİTESİ,2025-08-22T01:32:20.118984,2025-08-22T01:32:20.118984,00000000-0000-0000-0000-000000000001,00000000-0000-0000-0000-000000000001
ec95c997-8c4c-481a-9b2a-0ae6f8f9a71d,TRABZON ÜNİVERSİTESİ,2025-08-22T01:32:20.118984,2025-08-22T01:32:20.118984,00000000-0000-0000-0000-000000000001,00000000-0000-0000-0000-000000000001
491ebd41-0be3-4b22-9ecb-c63010e3ff9b,TRAKYA ÜNİVERSİTESİ,2025-08-22T01:32:20.118984,2025-08-22T01:32:20.118984,00000000-0000-0000-0000-000000000001,00000000-0000-0000-0000-000000000001
83161bd9-aa33-4636-b1e7-64966f63d907,UŞAK ÜNİVERSİTESİ,2025-08-22T01:32:20.118984,2025-08-22T01:32:20.118984,00000000-0000-0000-0000-000000000001,00000000-0000-0000-0000-000000000001
bef0e651-d2e2-4d5a-a743-1710dc89dcb8,VAN YÜZÜNCÜ YIL ÜNİVERSİTESİ,2025-08-22T01:32:20.118984,2025-08-22T01:32:20.118984,00000000-0000-0000-0000-000000000001,00000000-0000-0000-0000-000000000001
6f60f600-03bc-4738-be6d-4b723534eed9,YALOVA ÜNİVERSİTESİ,2025-08-22T01:32:20.118984,2025-08-22T01:32:20.118984,00000000-0000-0000-0000-000000000001,00000000-0000-0000-0000-000000000001
dcda045b-c47f-4463-a869-f86a5cef3b34,YOZGAT BOZOK ÜNİVERSİTESİ,2025-08-22T01:32:20.118984,2025-08-22T01:32:20.118984,00000000-0000-0000-0000-000000000001,00000000-0000-0000-0000-000000000001
24d84324-a7c3-4345-8d40-8dd59be78acb,ZONGULDAK BÜLENT ECEVİT ÜNİVERSİTESİ,2025-08-22T01:32:20.118984,2025-08-22T01:32:20.118984,00000000-0000-0000-0000-000000000001,00000000-0000-0000-0000-000000000001
147a9f46-e2e4-41df-9fd9-e11a086e224f,İÇİŞLERİ BAKANLIĞI VE MİLLİ SAVUNMA BAKANLIĞI ADINA SAĞLIK BİLİMLERİ ÜNİVERSİTESİNDE EĞİTİM ALACAKLAR,2025-08-22T01:32:20.118984,2025-08-22T01:32:20.118984,00000000-0000-0000-0000-000000000001,00000000-0000-0000-0000-000000000001
4afcc96b-3e07-413c-af53-c99a5fdef3b1,HOCA AHMET YESEVİ ULUSLARARASI TÜRK-KAZAK ÜNİVERSİTESİ,2025-08-22T01:32:20.118984,2025-08-22T01:32:20.118984,00000000-0000-0000-0000-000000000001,00000000-0000-0000-0000-000000000001
3c25ee52-82b6-46cd-8517-93c48f201f71,ACIBADEM MEHMET ALİ AYDINLAR ÜNİVERSİTESİ,2025-08-22T01:32:20.118984,2025-08-22T01:32:20.118984,00000000-0000-0000-0000-000000000001,00000000-0000-0000-0000-000000000001
7975b661-40b9-46d2-87e9-49c775381c20,ALANYA HAMDULLAH EMİN PAŞA ÜNİVERSİTESİ,2025-08-22T01:32:20.118984,2025-08-22T01:32:20.118984,00000000-0000-0000-0000-000000000001,00000000-0000-0000-0000-000000000001
d397a06b-a730-43f2-99b3-db342e05adce,ALTINBAŞ ÜNİVERSİTESİ,2025-08-22T01:32:20.118984,2025-08-22T01:32:20.118984,00000000-0000-0000-0000-000000000001,00000000-0000-0000-0000-000000000001
d1a47a7d-24a3-413a-902b-7349557d0563,ANKARA MEDİPOL ÜNİVERSİTESİ,2025-08-22T01:32:20.118984,2025-08-22T01:32:20.118984,00000000-0000-0000-0000-000000000001,00000000-0000-0000-0000-000000000001
fa3d2516-e434-43a7-a464-6f087333fb7d,ANTALYA AKEV ÜNİVERSİTESİ,2025-08-22T01:32:20.118984,2025-08-22T01:32:20.118984,00000000-0000-0000-0000-000000000001,00000000-0000-0000-0000-000000000001
e524b059-5e3c-456b-b7a9-f32c4fac0a72,ANTALYA BİLİM ÜNİVERSİTESİ,2025-08-22T01:32:20.118984,2025-08-22T01:32:20.118984,00000000-0000-0000-0000-000000000001,00000000-0000-0000-0000-000000000001
65ffba5a-b2dd-4501-a4a2-cc23d7f0c65b,ATILIM ÜNİVERSİTESİ,2025-08-22T01:32:20.118984,2025-08-22T01:32:20.118984,00000000-0000-0000-0000-000000000001,00000000-0000-0000-0000-000000000001
4728b454-a814-4a1c-984e-2a698fbbe7db,AVRASYA ÜNİVERSİTESİ,2025-08-22T01:32:20.118984,2025-08-22T01:32:20.118984,00000000-0000-0000-0000-000000000001,00000000-0000-0000-0000-000000000001
fc5c4cba-82b9-4ad0-8e61-945295672d18,BAHÇEŞEHİR ÜNİVERSİTESİ,2025-08-22T01:32:20.118984,2025-08-22T01:32:20.118984,00000000-0000-0000-0000-000000000001,00000000-0000-0000-0000-000000000001
c483ddab-9201-4fcc-b28e-38f1ab33e6e3,BAŞKENT ÜNİVERSİTESİ,2025-08-22T01:32:20.118984,2025-08-22T01:32:20.118984,00000000-0000-0000-0000-000000000001,00000000-0000-0000-0000-000000000001
9c6fc51c-4d65-4f03-abcc-3caca5571193,BEYKENT ÜNİVERSİTESİ,2025-08-22T01:32:20.118984,2025-08-22T01:32:20.118984,00000000-0000-0000-0000-000000000001,00000000-0000-0000-0000-000000000001
6f85105e-4329-448d-8c24-3d6e5b66f68f,BEYKOZ ÜNİVERSİTESİ,2025-08-22T01:32:20.118984,2025-08-22T01:32:20.118984,00000000-0000-0000-0000-000000000001,00000000-0000-0000-0000-000000000001
75f4febc-612c-4367-a787-4a93557fd546,BEZM-İ ÂLEM VAKIF ÜNİVERSİTESİ,2025-08-22T01:32:20.118984,2025-08-22T01:32:20.118984,00000000-0000-0000-0000-000000000001,00000000-0000-0000-0000-000000000001
3a2e2132-0339-4bdd-88c5-17c94a5868ca,BİRUNİ ÜNİVERSİTESİ,2025-08-22T01:32:20.118984,2025-08-22T01:32:20.118984,00000000-0000-0000-0000-000000000001,00000000-0000-0000-0000-000000000001
3414eb10-981e-4dd0-a024-36df784956ff,ÇAĞ ÜNİVERSİTESİ,2025-08-22T01:32:20.118984,2025-08-22T01:32:20.118984,00000000-0000-0000-0000-000000000001,00000000-0000-0000-0000-000000000001
6fd26716-971b-48e7-b12f-12e99ec34671,ÇANKAYA ÜNİVERSİTESİ,2025-08-22T01:32:20.118984,2025-08-22T01:32:20.118984,00000000-0000-0000-0000-000000000001,00000000-0000-0000-0000-000000000001
d3f0bde3-d9c5-48b5-b62d-75a4e4144d43,DEMİROĞLU BİLİM ÜNİVERSİTESİ,2025-08-22T01:32:20.118984,2025-08-22T01:32:20.118984,00000000-0000-0000-0000-000000000001,00000000-0000-0000-0000-000000000001
e0523462-f1a7-449c-969a-f1d2e49a33b7,DOĞUŞ ÜNİVERSİTESİ,2025-08-22T01:32:20.118984,2025-08-22T01:32:20.118984,00000000-0000-0000-0000-000000000001,00000000-0000-0000-0000-000000000001
8e9bbf8e-b0f1-4449-9911-30528ad75cdc,FATİH SULTAN MEHMET VAKIF ÜNİVERSİTESİ,2025-08-22T01:32:20.118984,2025-08-22T01:32:20.118984,00000000-0000-0000-0000-000000000001,00000000-0000-0000-0000-000000000001
29b1d1a4-8603-4fcb-b420-1ece5250914e,FENERBAHÇE ÜNİVERSİTESİ,2025-08-22T01:32:20.118984,2025-08-22T01:32:20.118984,00000000-0000-0000-0000-000000000001,00000000-0000-0000-0000-000000000001
2deccc32-9a05-403e-b649-cf9563e350d5,HALİÇ ÜNİVERSİTESİ,2025-08-22T01:32:20.118984,2025-08-22T01:32:20.118984,00000000-0000-0000-0000-000000000001,00000000-0000-0000-0000-000000000001
c6902b41-10aa-49ad-840e-1f7d7c8fe788,HASAN KALYONCU ÜNİVERSİTESİ,2025-08-22T01:32:20.118984,2025-08-22T01:32:20.118984,00000000-0000-0000-0000-000000000001,00000000-0000-0000-0000-000000000001
bb058a98-2e1c-40b5-be51-6f515d223209,IŞIK ÜNİVERSİTESİ,2025-08-22T01:32:20.118984,2025-08-22T01:32:20.118984,00000000-0000-0000-0000-000000000001,00000000-0000-0000-0000-000000000001
cce8e1ab-f35e-46b7-93c3-11ca3d26135a,İSTANBUL AREL ÜNİVERSİTESİ,2025-08-22T01:32:20.118984,2025-08-22T01:32:20.118984,00000000-0000-0000-0000-000000000001,00000000-0000-0000-0000-000000000001
a064c32b-d2e0-48c0-b5f8-0e5197491ea2,İSTANBUL ATLAS ÜNİVERSİTESİ,2025-08-22T01:32:20.118984,2025-08-22T01:32:20.118984,00000000-0000-0000-0000-000000000001,00000000-0000-0000-0000-000000000001
eb205402-cadc-4b5f-9b7c-088ab1391935,İSTANBUL AYDIN ÜNİVERSİTESİ,2025-08-22T01:32:20.118984,2025-08-22T01:32:20.118984,00000000-0000-0000-0000-000000000001,00000000-0000-0000-0000-000000000001
724827bf-4e3e-4eb7-9718-d29f721d7275,İSTANBUL AYVANSARAY ÜNİVERSİTESİ,2025-08-22T01:32:20.118984,2025-08-22T01:32:20.118984,00000000-0000-0000-0000-000000000001,00000000-0000-0000-0000-000000000001
124656f4-4f19-4352-b00a-9459233cf22e,İSTANBUL BİLGİ ÜNİVERSİTESİ,2025-08-22T01:32:20.118984,2025-08-22T01:32:20.118984,00000000-0000-0000-0000-000000000001,00000000-0000-0000-0000-000000000001
33e6d6e5-cb50-4a6d-a19c-e4326250a529,İSTANBUL ESENYURT ÜNİVERSİTESİ,2025-08-22T01:32:20.118984,2025-08-22T01:32:20.118984,00000000-0000-0000-0000-000000000001,00000000-0000-0000-0000-000000000001
ed6400ff-1665-4f28-8fc6-ee7286b02714,İSTANBUL GALATA ÜNİVERSİTESİ,2025-08-22T01:32:20.118984,2025-08-22T01:32:20.118984,00000000-0000-0000-0000-000000000001,00000000-0000-0000-0000-000000000001
9bbc176e-bbab-4970-bb09-e35481598560,İSTANBUL GEDİK ÜNİVERSİTESİ,2025-08-22T01:32:20.118984,2025-08-22T01:32:20.118984,00000000-0000-0000-0000-000000000001,00000000-0000-0000-0000-000000000001
b6d8fdaf-4961-40ef-b353-23b582d84149,İSTANBUL GELİŞİM ÜNİVERSİTESİ,2025-08-22T01:32:20.118984,2025-08-22T01:32:20.118984,00000000-0000-0000-0000-000000000001,00000000-0000-0000-0000-000000000001
9cd1aa7b-1925-4631-bacf-eb5cbe5efda3,İSTANBUL KENT ÜNİVERSİTESİ,2025-08-22T01:32:20.118984,2025-08-22T01:32:20.118984,00000000-0000-0000-0000-000000000001,00000000-0000-0000-0000-000000000001
89d00d79-c5a8-4cea-844c-0bf27f255bed,İSTANBUL KÜLTÜR ÜNİVERSİTESİ,2025-08-22T01:32:20.118984,2025-08-22T01:32:20.118984,00000000-0000-0000-0000-000000000001,00000000-0000-0000-0000-000000000001
93718142-9aaf-49f2-95b7-e4ae2806aae4,İSTANBUL MEDİPOL ÜNİVERSİTESİ,2025-08-22T01:32:20.118984,2025-08-22T01:32:20.118984,00000000-0000-0000-0000-000000000001,00000000-0000-0000-0000-000000000001
c614406c-175f-4a2f-a778-1cda750b5fdf,İSTANBUL OKAN ÜNİVERSİTESİ,2025-08-22T01:32:20.118984,2025-08-22T01:32:20.118984,00000000-0000-0000-0000-000000000001,00000000-0000-0000-0000-000000000001
77f2c097-539b-4d2b-a024-61ea0c3a0137,İSTANBUL RUMELİ ÜNİVERSİTESİ,2025-08-22T01:32:20.118984,2025-08-22T01:32:20.118984,00000000-0000-0000-0000-000000000001,00000000-0000-0000-0000-000000000001
d180e6a6-1a40-496f-a49d-85637646084d,İSTANBUL SAĞLIK VE TEKNOLOJİ ÜNİVERSİTESİ,2025-08-22T01:32:20.118984,2025-08-22T01:32:20.118984,00000000-0000-0000-0000-000000000001,00000000-0000-0000-0000-000000000001
47275f10-c04a-4f97-90a4-ca1ac5730ccc,İSTANBUL YENİ YÜZYIL ÜNİVERSİTESİ,2025-08-22T01:32:20.118984,2025-08-22T01:32:20.118984,00000000-0000-0000-0000-000000000001,00000000-0000-0000-0000-000000000001
ecf6b6ef-08d0-4df6-9816-c2c0ccee3bfe,İSTİNYE ÜNİVERSİTESİ,2025-08-22T01:32:20.118984,2025-08-22T01:32:20.118984,00000000-0000-0000-0000-000000000001,00000000-0000-0000-0000-000000000001
6fcc4eac-9a0b-4d43-be34-2e6f5caeb8d4,İZMİR EKONOMİ ÜNİVERSİTESİ,2025-08-22T01:32:20.118984,2025-08-22T01:32:20.118984,00000000-0000-0000-0000-000000000001,00000000-0000-0000-0000-000000000001
e7600a21-8525-4fe1-abf0-91a020c467fe,İZMİR TINAZTEPE ÜNİVERSİTESİ,2025-08-22T01:32:20.118984,2025-08-22T01:32:20.118984,00000000-0000-0000-0000-000000000001,00000000-0000-0000-0000-000000000001
d86c719c-abd3-45e1-8908-42dd355b139d,KAPADOKYA ÜNİVERSİTESİ,2025-08-22T01:32:20.118984,2025-08-22T01:32:20.118984,00000000-0000-0000-0000-000000000001,00000000-0000-0000-0000-000000000001
6afc5056-c6c9-4a26-b345-9308e53958b9,KOCAELİ SAĞLIK VE TEKNOLOJİ ÜNİVERSİTESİ,2025-08-22T01:32:20.118984,2025-08-22T01:32:20.118984,00000000-0000-0000-0000-000000000001,00000000-0000-0000-0000-000000000001
6343bb9a-a5b6-4750-97f8-ece7049258c0,KTO KARATAY ÜNİVERSİTESİ,2025-08-22T01:32:20.118984,2025-08-22T01:32:20.118984,00000000-0000-0000-0000-000000000001,00000000-0000-0000-0000-000000000001
a46e925b-43bb-4d43-b7e4-63b8ab531304,LOKMAN HEKİM ÜNİVERSİTESİ,2025-08-22T01:32:20.118984,2025-08-22T01:32:20.118984,00000000-0000-0000-0000-000000000001,00000000-0000-0000-0000-000000000001
030309c8-510c-4b40-abc0-12621b4147d0,MALTEPE ÜNİVERSİTESİ,2025-08-22T01:32:20.118984,2025-08-22T01:32:20.118984,00000000-0000-0000-0000-000000000001,00000000-0000-0000-0000-000000000001
13a24aaa-15fd-493b-9acb-32c58a497f09,NİŞANTAŞI ÜNİVERSİTESİ,2025-08-22T01:32:20.118984,2025-08-22T01:32:20.118984,00000000-0000-0000-0000-000000000001,00000000-0000-0000-0000-000000000001
83acd5bf-a611-4066-a7cf-74789b95f435,OSTİM TEKNİK ÜNİVERSİTESİ,2025-08-22T01:32:20.118984,2025-08-22T01:32:20.118984,00000000-0000-0000-0000-000000000001,00000000-0000-0000-0000-000000000001
e8ec8022-3151-4e13-a69d-8d88f203ae5a,PİRİ REİS ÜNİVERSİTESİ,2025-08-22T01:32:20.118984,2025-08-22T01:32:20.118984,00000000-0000-0000-0000-000000000001,00000000-0000-0000-0000-000000000001
ece9f130-fb67-46e3-8101-e8733c272d82,SANKO ÜNİVERSİTESİ,2025-08-22T01:32:20.118984,2025-08-22T01:32:20.118984,00000000-0000-0000-0000-000000000001,00000000-0000-0000-0000-000000000001
d06ce26c-ad4e-4102-b2c0-6270a6f3bec4,TOROS ÜNİVERSİTESİ,2025-08-22T01:32:20.118984,2025-08-22T01:32:20.118984,00000000-0000-0000-0000-000000000001,00000000-0000-0000-0000-000000000001
20b200c7-d3d3-4e77-ba67-2b01c96b92a8,TÜRK HAVA KURUMU ÜNİVERSİTESİ,2025-08-22T01:32:20.118984,2025-08-22T01:32:20.118984,00000000-0000-0000-0000-000000000001,00000000-0000-0000-0000-000000000001
4dd37473-848c-4789-ab85-1a7f540ddf4b,UFUK ÜNİVERSİTESİ,2025-08-22T01:32:20.118984,2025-08-22T01:32:20.118984,00000000-0000-0000-0000-000000000001,00000000-0000-0000-0000-000000000001
4e8f1fdf-7346-4aea-a9f0-04a077b63d98,ÜSKÜDAR ÜNİVERSİTESİ,2025-08-22T01:32:20.118984,2025-08-22T01:32:20.118984,00000000-0000-0000-0000-000000000001,00000000-0000-0000-0000-000000000001
013ba9ca-ce30-43d4-8c26-c2033c273668,YAŞAR ÜNİVERSİTESİ,2025-08-22T01:32:20.118984,2025-08-22T01:32:20.118984,00000000-0000-0000-0000-000000000001,00000000-0000-0000-0000-000000000001
057b864c-6b53-40ff-9d00-1a3b19843ba9,YEDİTEPE ÜNİVERSİTESİ,2025-08-22T01:32:20.118984,2025-08-22T01:32:20.118984,00000000-0000-0000-0000-000000000001,00000000-0000-0000-0000-000000000001
a4d32939-6dcc-4254-974d-e6f8859fcde6,YÜKSEK İHTİSAS ÜNİVERSİTESİ,2025-08-22T01:32:20.118984,2025-08-22T01:32:20.118984,00000000-0000-0000-0000-000000000001,00000000-0000-0000-0000-000000000001
b2503ba5-fbb5-4878-8322-b54f1cae7936,AKDENİZ KARPAZ ÜNİVERSİTESİ,2025-08-22T01:32:20.118984,2025-08-22T01:32:20.118984,00000000-0000-0000-0000-000000000001,00000000-0000-0000-0000-000000000001
30233ddb-ac6f-4a72-9a00-5d3a2ce82b14,DOĞU AKDENİZ ÜNİVERSİTESİ,2025-08-22T01:32:20.118984,2025-08-22T01:32:20.118984,00000000-0000-0000-0000-000000000001,00000000-0000-0000-0000-000000000001
218024d3-ddcf-4103-9be0-218e2692f958,GİRNE AMERİKAN ÜNİVERSİTESİ,2025-08-22T01:32:20.118984,2025-08-22T01:32:20.118984,00000000-0000-0000-0000-000000000001,00000000-0000-0000-0000-000000000001
8e66c69e-80e4-4293-9e11-01764051f7c3,GİRNE ÜNİVERSİTESİ,2025-08-22T01:32:20.118984,2025-08-22T01:32:20.118984,00000000-0000-0000-0000-000000000001,00000000-0000-0000-0000-000000000001
1d542a3e-acf1-4867-9528-9d028a2ca44b,KIBRIS AMERİKAN ÜNİVERSİTESİ,2025-08-22T01:32:20.118984,2025-08-22T01:32:20.118984,00000000-0000-0000-0000-000000000001,00000000-0000-0000-0000-000000000001
b2964698-098f-4c39-aa18-465eed4625a9,KIBRIS İLİM ÜNİVERSİTESİ,2025-08-22T01:32:20.118984,2025-08-22T01:32:20.118984,00000000-0000-0000-0000-000000000001,00000000-0000-0000-0000-000000000001
bea200d0-8038-4f69-9bc7-cdf747e992f8,KIBRIS SAĞLIK VE TOPLUM BİLİMLERİ ÜNİVERSİTESİ,2025-08-22T01:32:20.118984,2025-08-22T01:32:20.118984,00000000-0000-0000-0000-000000000001,00000000-0000-0000-0000-000000000001
978127c2-c482-4162-bf8a-4fc69f037db5,LEFKE AVRUPA ÜNİVERSİTESİ,2025-08-22T01:32:20.118984,2025-08-22T01:32:20.118984,00000000-0000-0000-0000-000000000001,00000000-0000-0000-0000-000000000001
0940a92e-148f-439e-84ef-6c118f2df279,ULUSLARARASI FİNAL ÜNİVERSİTESİ,2025-08-22T01:32:20.118984,2025-08-22T01:32:20.118984,00000000-0000-0000-0000-000000000001,00000000-0000-0000-0000-000000000001
e1de1cdb-a540-4c43-8c27-1db32d2a50d6,ULUSLARARASI KIBRIS ÜNİVERSİTESİ,2025-08-22T01:32:20.118984,2025-08-22T01:32:20.118984,00000000-0000-0000-0000-000000000001,00000000-0000-0000-0000-000000000001
99cd6772-2e12-47d5-98ad-9827d4da4577,YAKIN DOĞU ÜNİVERSİTESİ,2025-08-22T01:32:20.118984,2025-08-22T01:32:20.118984,00000000-0000-0000-0000-000000000001,00000000-0000-0000-0000-000000000001
b8cf7211-a21b-4e1f-ad1a-7bacdd914fc3,ABDULLAH GÜL ÜNİVERSİTESİ,2025-08-22T01:32:20.118984,2025-08-22T01:32:20.118984,00000000-0000-0000-0000-000000000001,00000000-0000-0000-0000-000000000001
9587d406-309e-4e1d-856d-0104dc3fafb1,ADANA ALPARSLAN TÜRKEŞ BİLİM VE TEKNOLOJİ ÜNİVERSİTESİ,2025-08-22T01:32:20.118984,2025-08-22T01:32:20.118984,00000000-0000-0000-0000-000000000001,00000000-0000-0000-0000-000000000001
95cf6042-be75-4821-997e-5394669ea0ca,ANKARA SOSYAL BİLİMLER ÜNİVERSİTESİ,2025-08-22T01:32:20.118984,2025-08-22T01:32:20.118984,00000000-0000-0000-0000-000000000001,00000000-0000-0000-0000-000000000001
f32d13c8-6ee9-4367-95ab-1fa715a90879,BOĞAZİÇİ ÜNİVERSİTESİ,2025-08-22T01:32:20.118984,2025-08-22T01:32:20.118984,00000000-0000-0000-0000-000000000001,00000000-0000-0000-0000-000000000001
5f86f231-999e-4188-8c10-c82bf1390ce6,BURSA TEKNİK ÜNİVERSİTESİ,2025-08-22T01:32:20.118984,2025-08-22T01:32:20.118984,00000000-0000-0000-0000-000000000001,00000000-0000-0000-0000-000000000001
1a5d86a5-6b5b-4b57-9ed9-728a7a787c7e,ERZURUM TEKNİK ÜNİVERSİTESİ,2025-08-22T01:32:20.118984,2025-08-22T01:32:20.118984,00000000-0000-0000-0000-000000000001,00000000-0000-0000-0000-000000000001
e20dd9a9-6a2a-4b36-b2fb-31614faf293b,GEBZE TEKNİK ÜNİVERSİTESİ,2025-08-22T01:32:20.118984,2025-08-22T01:32:20.118984,00000000-0000-0000-0000-000000000001,00000000-0000-0000-0000-000000000001
d96da909-2480-4c1f-a363-a2755b0042d1,İSTANBUL MEDENİYET ÜNİVERSİTESİ,2025-08-22T01:32:20.118984,2025-08-22T01:32:20.118984,00000000-0000-0000-0000-000000000001,00000000-0000-0000-0000-000000000001
00cda4c7-f21c-4b9e-96f5-e1b869aada33,İSTANBUL TEKNİK ÜNİVERSİTESİ,2025-08-22T01:32:20.118984,2025-08-22T01:32:20.118984,00000000-0000-0000-0000-000000000001,00000000-0000-0000-0000-000000000001
f0cda5a5-4a0a-4835-8899-8a76435e0cad,ORTA DOĞU TEKNİK ÜNİVERSİTESİ,2025-08-22T01:32:20.118984,2025-08-22T01:32:20.118984,00000000-0000-0000-0000-000000000001,00000000-0000-0000-0000-000000000001
e680b986-4b05-42d3-8373-6b77b6e316f8,TÜRK-ALMAN ÜNİVERSİTESİ,2025-08-22T01:32:20.118984,2025-08-22T01:32:20.118984,00000000-0000-0000-0000-000000000001,00000000-0000-0000-0000-000000000001
0b76d586-56ff-475c-8dc7-e16a717d44bb,YILDIZ TEKNİK ÜNİVERSİTESİ,2025-08-22T01:32:20.118984,2025-08-22T01:32:20.118984,00000000-0000-0000-0000-000000000001,00000000-0000-0000-0000-000000000001
d4e5145f-5131-49e1-be28-0476cca2846b,KIRGIZİSTAN-TÜRKİYE MANAS ÜNİVERSİTESİ,2025-08-22T01:32:20.118984,2025-08-22T01:32:20.118984,00000000-0000-0000-0000-000000000001,00000000-0000-0000-0000-000000000001
ac688a3c-0998-4d75-a6c7-899c5c28625f,ANKARA BİLİM ÜNİVERSİTESİ,2025-08-22T01:32:20.118984,2025-08-22T01:32:20.118984,00000000-0000-0000-0000-000000000001,00000000-0000-0000-0000-000000000001
01c8b86b-0cec-455a-a237-09fc61c25d6d,İBN HALDUN ÜNİVERSİTESİ,2025-08-22T01:32:20.118984,2025-08-22T01:32:20.118984,00000000-0000-0000-0000-000000000001,00000000-0000-0000-0000-000000000001
3fe02c53-a02d-41a3-ac58-d29b26bfe12f,İHSAN DOĞRAMACI BİLKENT ÜNİVERSİTESİ,2025-08-22T01:32:20.118984,2025-08-22T01:32:20.118984,00000000-0000-0000-0000-000000000001,00000000-0000-0000-0000-000000000001
14db88d7-4755-468c-9001-243d5a80f19b,İSTANBUL 29 MAYIS ÜNİVERSİTESİ,2025-08-22T01:32:20.118984,2025-08-22T01:32:20.118984,00000000-0000-0000-0000-000000000001,00000000-0000-0000-0000-000000000001
aad9dc34-74e6-48c8-aa2c-c9ab7f839979,İSTANBUL SABAHATTİN ZAİM ÜNİVERSİTESİ,2025-08-22T01:32:20.118984,2025-08-22T01:32:20.118984,00000000-0000-0000-0000-000000000001,00000000-0000-0000-0000-000000000001
67205027-6eda-4804-b863-40f25b475016,İSTANBUL TİCARET ÜNİVERSİTESİ,2025-08-22T01:32:20.118984,2025-08-22T01:32:20.118984,00000000-0000-0000-0000-000000000001,00000000-0000-0000-0000-000000000001
b88b3723-da8f-413c-925e-a1f5d600c0d0,KADİR HAS ÜNİVERSİTESİ,2025-08-22T01:32:20.118984,2025-08-22T01:32:20.118984,00000000-0000-0000-0000-000000000001,00000000-0000-0000-0000-000000000001
8ea5b3bc-4366-4c53-8762-5cb62ba6fbeb,KOÇ ÜNİVERSİTESİ,2025-08-22T01:32:20.118984,2025-08-22T01:32:20.118984,00000000-0000-0000-0000-000000000001,00000000-0000-0000-0000-000000000001
9d27cc27-7fe5-4459-a555-deacd343b666,KONYA GIDA VE TARIM ÜNİVERSİTESİ,2025-08-22T01:32:20.118984,2025-08-22T01:32:20.118984,00000000-0000-0000-0000-000000000001,00000000-0000-0000-0000-000000000001
4224559b-2379-4cab-b381-e2dfff871c52,MEF ÜNİVERSİTESİ,2025-08-22T01:32:20.118984,2025-08-22T01:32:20.118984,00000000-0000-0000-0000-000000000001,00000000-0000-0000-0000-000000000001
68091d94-11fd-4384-87e5-470ae63bab97,NUH NACİ YAZGAN ÜNİVERSİTESİ,2025-08-22T01:32:20.118984,2025-08-22T01:32:20.118984,00000000-0000-0000-0000-000000000001,00000000-0000-0000-0000-000000000001
3122ff5d-230d-45e0-ae75-c51887a13b87,ÖZYEĞİN ÜNİVERSİTESİ,2025-08-22T01:32:20.118984,2025-08-22T01:32:20.118984,00000000-0000-0000-0000-000000000001,00000000-0000-0000-0000-000000000001
cd2ecc4b-aba4-40ec-9bf1-c3ce4d661c4d,SABANCI ÜNİVERSİTESİ,2025-08-22T01:32:20.118984,2025-08-22T01:32:20.118984,00000000-0000-0000-0000-000000000001,00000000-0000-0000-0000-000000000001
c9890357-cfe8-4090-95a4-641218f029ee,TED ÜNİVERSİTESİ,2025-08-22T01:32:20.118984,2025-08-22T01:32:20.118984,00000000-0000-0000-0000-000000000001,00000000-0000-0000-0000-000000000001
ad289dff-f752-467c-ac90-e4a266fcf61c,TOBB EKONOMİ VE TEKNOLOJİ ÜNİVERSİTESİ,2025-08-22T01:32:20.118984,2025-08-22T01:32:20.118984,00000000-0000-0000-0000-000000000001,00000000-0000-0000-0000-000000000001
2bf2f3d7-5be1-44c4-957e-3a43dce962ba,ADA KENT ÜNİVERSİTESİ,2025-08-22T01:32:20.118984,2025-08-22T01:32:20.118984,00000000-0000-0000-0000-000000000001,00000000-0000-0000-0000-000000000001
09241a10-9797-4084-88f6-50c23ea1b610,ARKIN YARATICI SANATLAR VE TASARIM ÜNİVERSİTESİ,2025-08-22T01:32:20.118984,2025-08-22T01:32:20.118984,00000000-0000-0000-0000-000000000001,00000000-0000-0000-0000-000000000001
2f74a602-3c4a-41bc-a3bd-1a4714f6ba37,BAHÇEŞEHİR KIBRIS ÜNİVERSİTESİ,2025-08-22T01:32:20.118984,2025-08-22T01:32:20.118984,00000000-0000-0000-0000-000000000001,00000000-0000-0000-0000-000000000001
5ebc4afb-40db-40ee-9fd5-8e969058f37d,KIBRIS BATI ÜNİVERSİTESİ,2025-08-22T01:32:20.118984,2025-08-22T01:32:20.118984,00000000-0000-0000-0000-000000000001,00000000-0000-0000-0000-000000000001
712152a4-44a0-4c26-aa5b-623e3d39d5e2,RAUF DENKTAŞ ÜNİVERSİTESİ,2025-08-22T01:32:20.118984,2025-08-22T01:32:20.118984,00000000-0000-0000-0000-000000000001,00000000-0000-0000-0000-000000000001
7bf9d6d8-9256-45d0-b060-b92c3f9eeda2,AZERBAYCAN DEVLET PEDAGOJİ ÜNİVERSİTESİ,2025-08-22T01:32:20.118984,2025-08-22T01:32:20.118984,00000000-0000-0000-0000-000000000001,00000000-0000-0000-0000-000000000001
532eb9a6-025e-448a-b461-5e3be0b559d8,AZERBAYCAN DİLLER ÜNİVERSİTESİ,2025-08-22T01:32:20.118984,2025-08-22T01:32:20.118984,00000000-0000-0000-0000-000000000001,00000000-0000-0000-0000-000000000001
c3be0bce-caec-4523-bd42-a58d6833d405,AZERBAYCAN TIP ÜNİVERSİTESİ,2025-08-22T01:32:20.118984,2025-08-22T01:32:20.118984,00000000-0000-0000-0000-000000000001,00000000-0000-0000-0000-000000000001
e29f5831-8ba2-4aec-a2b0-34132064c57c,BAKÜ DEVLET ÜNİVERSİTESİ,2025-08-22T01:32:20.118984,2025-08-22T01:32:20.118984,00000000-0000-0000-0000-000000000001,00000000-0000-0000-0000-000000000001
3764ec9d-5871-48bd-89c4-e7886bd94095,KOMRAT DEVLET ÜNİVERSİTESİ,2025-08-22T01:32:20.118984,2025-08-22T01:32:20.118984,00000000-0000-0000-0000-000000000001,00000000-0000-0000-0000-000000000001
c30ed754-0a39-47b3-a99f-2f09d683b1a2,ULUSLARARASI SARAYBOSNA ÜNİVERSİTESİ,2025-08-22T01:32:20.118984,2025-08-22T01:32:20.118984,00000000-0000-0000-0000-000000000001,00000000-0000-0000-0000-000000000001
d7b67c8c-229b-4801-93c8-0409d10a801a,ULUSLARARASI BALKAN ÜNİVERSİTESİ,2025-08-22T01:32:20.118984,2025-08-22T01:32:20.118984,00000000-0000-0000-0000-000000000001,00000000-0000-0000-0000-000000000001
